Twitter for iPhone,People were screaming STOP THE COUNT &amp; WE DEMAND TRANSPARENCY (As Legal Observers were refused admittance to count rooms)! https://t.co/CW1tivI45c,11-07-2020 13:28:02,0,0,false,1325067488695099397
Twitter for iPhone,....Bad things took place during those hours where LEGAL TRANSPARENCY was viciously &amp; crudely not allowed. Tractors blocked doors &amp; windows were covered with thick cardboard so that observers could not see into the count rooms. BAD THINGS HAPPENED INSIDE. BIG CHANGES TOOK PLACE!,11-07-2020 13:20:20,0,0,false,1325065549559291910
Twitter for iPhone,....This would ALSO change the Election result in numerous States including Pennsylvania which everyone thought was easily won on Election Night only to see a massive lead disappear without anyone being allowed to OBSERVE for long intervals of time what the happened...,11-07-2020 13:20:19,0,0,false,1325065546342264834
Twitter for iPhone,Tens of thousands of votes were illegally received after 8 P.M. on Tuesday Election Day totally and easily changing the results in Pennsylvania and certain other razor thin states. As a separate matter hundreds of thousands of Votes were illegally not allowed to be OBSERVED...,11-07-2020 13:20:18,0,0,false,1325065540390559745
Twitter for iPhone,I easily WIN the Presidency of the United States with LEGAL VOTES CAST. The OBSERVERS were not allowed in any way shape or form to do their job and therefore votes accepted during this period must be determined to be ILLEGAL VOTES. U.S. Supreme Court should decide!,11-06-2020 07:22:47,0,0,false,1324613181466173440
Twitter for iPhone,https://t.co/11BmRoMKa3,11-06-2020 02:38:49,0,0,false,1324541720583905286
Twitter for iPhone,https://t.co/U4x4etE097,11-06-2020 02:38:43,0,0,false,1324541695577436161
Twitter for iPhone,https://t.co/HhiK6eDVds,11-06-2020 02:38:01,0,0,false,1324541519873847296
Twitter for iPhone,STOP THE FRAUD!,11-05-2020 17:21:45,0,0,false,1324401527663058944
Twitter for iPhone,All of the recent Biden claimed States will be legally challenged by us for Voter Fraud and State Election Fraud. Plenty of proof - just check out the Media. WE WILL WIN! America First!,11-05-2020 16:22:46,0,0,false,1324386685858287616
Twitter for iPhone,ANY VOTE THAT CAME IN AFTER ELECTION DAY WILL NOT BE COUNTED!,11-05-2020 15:09:19,0,0,false,1324368202139357186
Twitter for iPhone,.....there was a large number of secretly dumped ballots as has been widely reported!,11-04-2020 21:56:11,0,0,false,1324108206801563650
Twitter for iPhone,They are working hard to make up 500000 vote advantage in Pennsylvania disappear — ASAP. Likewise Michigan and others!,11-04-2020 17:01:15,0,0,false,1324033983882166272
Twitter for iPhone,Last night I was leading often solidly in many key States in almost all instances Democrat run &amp; controlled. Then one by one they started to magically disappear as surprise ballot dumps were counted. VERY STRANGE and the “pollsters” got it completely &amp; historically wrong!,11-04-2020 15:04:04,0,0,false,1324004491612618752
Twitter for iPhone,We are up BIG but they are trying to STEAL the Election. We will never let them do it. Votes cannot be cast after the Polls are closed!,11-04-2020 05:49:04,0,0,false,1323864823680126977
Twitter for iPhone,The Supreme Court decision on voting in Pennsylvania is a VERY dangerous one. It will allow rampant and unchecked cheating and will undermine our entire systems of laws. It will also induce violence in the streets. Something must be done!,11-03-2020 01:02:36,0,0,false,1323430341512622080
Twitter for iPhone,Big problems and discrepancies with Mail In Ballots all over the USA. Must have final total on November 3rd.,10-26-2020 23:43:16,0,0,false,1320873664296804354
Twitter for iPhone,A total and complete sign off from White House Doctors yesterday. That means I can’t get it (immune) and can’t give it. Very nice to know!!!,10-11-2020 15:39:23,0,0,false,1315316071243476997
Twitter for iPhone,Flu season is coming up! Many people every year sometimes over 100000 and despite the Vaccine die from the Flu. Are we going to close down our Country? No we have learned to live with it just like we are learning to live with Covid in most populations far less lethal!!!,10-06-2020 12:03:40,0,0,false,1313449844413992961
Twitter for iPhone,NORTH CAROLINA: To make sure your Ballot COUNTS sign &amp; send it in EARLY. When Polls open go to your Polling Place to see if it was COUNTED. IF NOT VOTE! Your signed Ballot will not count because your vote has been posted. Don’t let them illegally take your vote away from you!,09-12-2020 13:10:44,0,0,false,1304769412759724033
Twitter for iPhone,.....go to your Polling Place to see whether or not your Mail In Vote has been Tabulated (Counted). If it has you will not be able to Vote &amp; the Mail In System worked properly. If it has not been Counted VOTE (which is a citizen’s right to do). If your Mail In Ballot arrives....,09-03-2020 14:32:35,0,0,false,1301528521752354816
Twitter for iPhone,....after you Vote which it should not that Ballot will not be used or counted in that your vote has already been cast &amp; tabulated. YOU ARE NOW ASSURED THAT YOUR PRECIOUS VOTE HAS BEEN COUNTED it hasn’t been “lost thrown out or in any way destroyed”. GOD BLESS AMERICA!!!,09-03-2020 14:32:35,0,0,false,1301528522582786049
Twitter for iPhone,So now the Democrats are using Mail Drop Boxes which are a voter security disaster. Among other things they make it possible for a person to vote multiple times. Also who controls them are they placed in Republican or Democrat areas? They are not Covid sanitized. A big fraud!,08-23-2020 11:25:59,0,0,false,1297495295266357248
Twitter for iPhone,There will never be an “Autonomous Zone” in Washington D.C. as long as I’m your President. If they try they will be met with serious force!,06-23-2020 12:45:32,0,0,false,1275409656488382465
Twitter for iPhone,....These THUGS are dishonoring the memory of George Floyd and I won’t let that happen. Just spoke to Governor Tim Walz and told him that the Military is with him all the way. Any difficulty and we will assume control but when the looting starts the shooting starts. Thank you!,05-29-2020 04:53:14,0,0,false,1266231100780744704